3.862130015005444506e+00,7.805172699624552735e+00,4.212792523391284760e+01
-8.776199696939086081e+00,1.158202595478524444e+00,-1.763904812794755017e+01
-3.217813222898837644e+00,-7.404847506356677656e-01,-1.089475587257699774e+00
-6.055918420731654095e+00,-6.353087593969823921e+00,2.630133493486847129e+01
-5.642164647612448292e+00,-5.443855481452299472e+00,1.983602110954834785e+01
8.319365675511804170e+00,-7.020083825879299688e+00,-5.627089791231693283e+01
-4.984450738150608018e+00,-5.185109204499287472e-01,-2.458562796777002291e+00
-5.907305821272994528e+00,7.807088208794617401e+00,-4.350184504154345433e+01
-9.878206931588984219e+00,-5.698536189516614670e+00,4.169175850610092482e+01
8.359466330896154318e+00,9.486323813736916577e+00,9.758150498896362990e+01
8.748477581077356291e-01,-1.614059951461090492e+00,-1.790117461655750031e+00
-7.620886021587667258e+00,-1.072113188530870787e+00,1.946187326273464135e-01
3.873414860415545391e+00,9.808676385395155961e+00,5.197423331406324110e+01
1.627192838445726153e+00,1.706756088270783067e+00,6.333028929565561960e+00
-6.692650999321334560e+00,1.956979352582647991e+00,-1.763913267718742617e+01
-4.186414628186025944e+00,5.871178976341155931e-01,-5.547056184712362281e+00
8.732704559501993202e+00,3.350816145460058237e-01,1.294445482492615263e+01
9.752565487119113641e+00,1.640748896641765597e+00,2.788220951098846712e+01
-5.841392264148539404e+00,6.501224135033965013e-01,-8.009404885509841421e+00
7.588842389737791905e+00,2.119453760506457840e+00,2.669101706555743547e+01
-8.421860319597245237e+00,2.441530665132136235e+00,-2.596665061809091668e+01
6.169796192619280362e+00,9.969173742889822165e+00,7.827672756367222462e+01
5.384252196664192525e+00,-9.984151831010477096e+00,-5.827178613519137684e+01
-3.950490848377103958e-01,-4.897106337714083324e+00,-2.981608327796416269e+00
-1.407779971166569055e+00,9.750036424023438286e-01,-1.134981602617428420e+00
9.147505164438975100e+00,7.736034537944362910e+00,8.785383646031371541e+01
1.046865401636589255e+00,5.044441685682233611e+00,1.210544825863921226e+01
6.701292672860450494e+00,5.199572680472632769e+00,4.744866745457709101e+01
-9.207583600650742994e+00,6.954537655536331187e+00,-6.599756624453576137e+01
9.983123845141715691e+00,4.985870810936166464e+00,6.560038156854831470e+01
-8.696349580749028974e+00,6.210047785822403910e+00,-5.611288921263337670e+01
5.887529949056455436e+00,-8.828033570840576161e+00,-5.462256841911484173e+01
-9.818068085399524136e+00,-1.149485433342970708e+00,6.605403864814192172e-01
8.969096082346922572e+00,-8.571839764364899139e+00,-7.638902953325819567e+01
-2.611357677900844720e+00,3.971350513267026372e+00,-8.434791531160401590e+00
-7.709167918771486328e+00,-8.594852887903099870e+00,5.020572419401484154e+01
8.912418051241100869e+00,2.129456725860848110e+00,3.068039948293637664e+01
-3.486914836327301259e+00,4.675652217665378529e+00,-1.424758226351575807e+01
5.221959471633079275e+00,4.227045326233934475e+00,3.174216519893799671e+01
4.509560836137964657e-01,9.071101595053878697e+00,1.388238406218196275e+01
5.053172951310001437e+00,-8.897816435646834776e+00,-4.831637540476300785e+01
-5.065023188638146934e+00,-1.316971465528755658e+00,3.196558176161304887e-01
2.755607399506711630e+00,4.762993707864087156e-01,4.869144108499444457e+00
-2.378419290283638077e+00,-8.073341594097868779e+00,9.398638703091354074e+00
9.498551344833618515e+00,4.703207071771632997e+00,5.983528192424189740e+01
-1.615713011882789374e+00,-8.866151493318184862e+00,4.666931269179278807e+00
9.091591933664329162e+00,-8.309737844560105557e+00,-7.399134040337580132e+01
7.562229092101979688e-01,6.771428965849146664e-01,2.428258267196475195e+00
-3.105447015619839490e+00,-2.639192409635917613e+00,3.193177899745533566e+00
-9.986654187875830146e+00,7.792252980199872781e+00,-7.987886526249853603e+01
-6.075574467739466300e+00,-2.255466134291927993e+00,6.251950670825014988e+00
-7.133959406293066685e+00,-9.367198326662078856e+00,5.093197215919949628e+01
-6.107926335888194558e+00,-6.339437336103777021e+00,2.700488660967737786e+01
-4.441628682399818118e+00,-7.126173366179971325e+00,2.057802858668787138e+01
5.613108020293452682e+00,7.671954503468533915e+00,5.678778195325877931e+01
-1.647213165903218979e+00,1.949102655803393702e+00,-2.465026085434300462e+00
2.585269452023560177e+00,-4.612408431940271392e+00,-1.360014231032883991e+01
-6.647533846018225390e+00,-1.389566590185021155e+00,1.622266860205810124e+00
5.559281780935986461e+00,-2.074942505299568474e+00,-7.628435288971942896e+00
2.182232435541722637e+00,-7.298251644983588804e+00,-2.068861972361889201e+01
4.543574289296596902e-01,-5.947682659808524619e+00,-7.941181968318039353e+00
1.979542730884384483e+00,-2.817424411743287394e+00,-5.595649345216029857e+00
3.016474300733200664e+00,-1.972653519119006660e+00,-4.009380983314443370e+00
-3.853071170413715052e+00,1.467938294509385955e+00,-7.696184184173085363e+00
-8.695024368630138056e+00,-3.415053549646360764e+00,1.817961681569356003e+01
6.546910736115169271e+00,-2.231917982564883829e-01,5.631659569282129851e+00
5.312591541314750643e+00,-8.601875554212449870e+00,-4.830721437767007842e+01
7.667119479625306155e+00,9.562101539031228725e+00,9.146345736429850604e+01
-6.412498136008915495e+00,7.100806393300125308e+00,-4.454634609228116915e+01
7.995243306761494750e-01,-2.997546296394276055e+00,-3.850453742958620751e+00
3.538596314137937071e+00,7.838394876592520433e+00,4.004606463245614378e+01
2.647734196174791776e+00,-9.461744109587195695e+00,-3.101137538791595816e+01
6.949761364291727972e+00,-8.405888117476585819e+00,-5.981772770432376518e+01
4.226085061043152180e+00,6.947708760265026484e+00,4.095970205364583450e+01
-9.150407929102930993e+00,-5.967563876948984714e+00,3.976375982520776375e+01
-1.736787416573960741e+00,-9.810573255470700360e-01,-4.669698305430364238e-01
9.248122662903675462e+00,-7.044759288586512902e+00,-6.224929332576007113e+01
3.360595498106597745e-01,1.192962081806967944e+00,2.770481069337502156e+00
-6.949295387898953180e+00,4.574642499716325972e-01,-9.606570310493445675e+00
2.065064325749666807e+00,-7.535292716589019335e+00,-2.028449824739341523e+01
2.091793251447782609e+00,-1.012848650634296632e+00,-5.329009949840323168e-01
3.819867753630422413e+00,8.090143023085591523e+00,4.334831061609125413e+01
-7.306994306876591239e+00,2.045025423284112520e-01,-7.646536867996630349e+00
-4.283524311957225272e+00,7.124773264631805603e+00,-2.691520163735808424e+01
5.495586384738906816e+00,-3.065308703011249136e+00,-1.420689303080967747e+01
1.378448519737593969e+00,9.085284235100694161e+00,2.317216575297017300e+01
7.245846848426062081e+00,6.004732781942870190e+00,5.759983356259995446e+01
-9.313071845259432990e+00,4.294573146658189344e+00,-4.451121685146027573e+01
3.873220250385248420e+00,-5.448447006867718656e+00,-2.172996130386334812e+01
-2.513751852708718815e-01,-3.101731245558987382e-01,-3.553460217584150094e-01
8.742005031320879027e+00,-5.582503594258724888e+00,-4.507175668221638887e+01
6.394126969785126846e+00,-3.008237483227491182e+00,-1.495433109672360139e+01
1.005721266292471938e+00,-7.301020567057605604e+00,-1.279954048643379494e+01
5.588399216396762625e+00,5.489639581494182963e+00,4.215996655727735032e+01
-2.022796501597223795e-01,1.830005547503992247e+00,1.787100145909952698e+00
3.660982182021101039e+00,6.278916018308013491e+00,3.318878877177812825e+01
9.970623935225322754e+00,8.198008358260704398e+00,1.008897949333940289e+02
2.466986812109281502e+00,8.384106262015350808e+00,3.172513651072591401e+01
7.407102312237597630e+00,5.875379254115895122e+00,5.742514175330206427e+01
-5.441886583297992352e+00,9.593903835720954731e+00,-4.787180274746397401e+01
-9.805876986949398244e+00,-1.288010259074132691e+00,2.436269108917215043e+00
-4.926737195715496398e+00,1.543826438533288936e+00,-1.025386988907734320e+01
3.006993433535328109e+00,1.819278065109548592e+00,1.074355378794003535e+01
6.132654982944369948e+00,-9.939105062720258843e+00,-6.441720125798640595e+01
-1.634249011532201479e+00,2.807493177062060141e+00,-2.700381441180938147e+00
-6.827337374127262493e+00,-9.562997009130869586e+00,4.952658276644052648e+01
5.273104737193266445e+00,9.887664112916194625e-01,1.156546081480242094e+01
-1.416444854454965707e-01,-5.323417030399582472e+00,-4.375701323661556508e+00
5.595362744223495000e+00,-1.381961293510174826e+00,-3.050451672985910800e+00
2.550405414879318045e+00,-6.842824147473669072e+00,-2.162960458538853104e+01
-6.226806610141286669e+00,-2.593949718329787046e+00,7.777971150745274898e+00
-5.909615343033321366e+00,-5.597668816226395450e+00,2.238618943555102447e+01
7.525768622005895025e+00,-3.565333258396325533e+00,-2.200566993804882898e+01
-4.032783827949854683e+00,-9.807986622865945137e+00,2.626328783537655909e+01
-6.609165936328080804e+00,-6.788461570761299413e-01,-2.106236025922009869e+00
9.036929414599633503e+00,5.595010414072243421e+00,6.597709197404780923e+01
-1.943661004017089411e+00,-4.578019002141244798e+00,2.666408971633671854e+00
-8.729893986451564558e+00,3.247864476639463760e-01,-1.072901002216780952e+01
3.161952837469959476e+00,3.436542743461359350e+00,1.833894362636771902e+01
9.126164451008943246e+00,1.318644127441736202e+00,2.309661896644114520e+01
-5.069999685748387108e+00,-2.898818607302970918e+00,6.829245128072813031e+00
3.186835998916352608e+00,9.930742143755903584e+00,4.535375454649506821e+01
9.108420818941414865e+00,1.971799769980194128e+00,2.921551978535921279e+01
-6.053715331187268234e+00,2.240200788616139249e+00,-1.683910066950956974e+01
-8.722427692843943703e+00,4.374758937068460085e+00,-4.204428408024281083e+01
-7.241465561251381189e+00,-5.288224110314356352e+00,2.653115393150011769e+01
-1.181687522733522400e+00,4.741807153081914805e+00,-1.801445786912063030e+00
7.477035483038999786e+00,3.888231425899867588e+00,4.140887463274047064e+01
2.477508300081241899e+00,4.542787826079450753e+00,1.880771068430158977e+01
-6.476044631634105819e+00,-5.192267240967072262e+00,2.240708979810359125e+01
2.655952110737878513e+00,6.545089201238670995e+00,2.741690300312673756e+01
-8.544082248425512560e+00,8.299458997463670329e+00,-7.099509108701114712e+01
-5.676047584301883830e+00,-9.754861373431101157e+00,4.065197921586496221e+01
-6.040220541654413466e+00,-6.388231449976132126e+00,2.644417467944773747e+01
5.554798097824082959e+00,6.129142874230414151e+00,4.670838803397363392e+01
6.081873496938939638e+00,-8.821774176904625619e+00,-5.622899895890297017e+01
8.481203782981371120e+00,-7.553734805961567211e+00,-6.227835446898603067e+01
-3.842827725528945138e+00,-2.559717465133497072e+00,4.002713090563711162e+00
-3.536261835205081638e+00,-4.381493214020117932e+00,8.306711360453709503e+00
-5.713278768670813079e+00,6.520332932681398574e+00,-3.586404653051944535e+01
6.446144253382446010e+00,2.532722227452754993e+00,2.595964928061440347e+01
-1.026007439861851722e+00,-7.236866755697855425e+00,-6.988536541164744875e-01
-1.629393053169403416e+00,-8.508916918190212897e+00,4.461803841883576816e+00
-2.363306038391335129e+00,-6.855213159483373175e+00,7.300725108135672770e+00
2.742018028346169700e+00,2.932152732403626061e+00,1.444626242072975231e+01
-2.798058021941653983e+00,2.320482914677942432e+00,-6.342494958527232107e+00
-2.231142586270959960e+00,8.675221709550914539e+00,-1.218163436492682372e+01
-8.094929866686364051e+00,1.749171694549184863e+00,-1.962504561332483277e+01
-4.979326259222604634e+00,-4.652779679721654738e+00,1.395111783309487130e+01
1.896740413805439118e+00,1.429977937666876642e+00,6.862960452937618250e+00
3.120924442610178318e+00,7.999939869912093826e+00,3.633154419379733469e+01
1.713067997244179352e+00,5.369985985669138984e+00,1.723731296517446410e+01
5.822801280845585126e+00,4.934528093807644566e+00,4.039907619206428535e+01
-1.364580614563946526e+00,-8.077656327812297476e+00,2.425514382040708128e+00
3.113186400465274062e+00,-1.659238181369575571e+00,-3.330742467948615282e+00
4.297415890167723518e+00,2.449924860647625380e+00,1.766839440558750596e+01
-1.480738155795695121e+00,4.683651921739375723e+00,-3.275434441028178156e+00
7.541253034035587888e+00,9.241351893322534039e+00,8.697015415566941954e+01
-1.120190239270421273e+00,9.254918388664275852e+00,-1.805413952492640028e+00
-7.406874564800429717e+00,-6.552621360309403009e+00,3.502932931067957156e+01
-7.619502151923114752e+00,-9.659484069155244157e-01,-2.413537932268852160e-01
-1.469239939718391952e+00,9.899455126071853073e+00,-6.009619866245765607e+00
9.045577500683446459e+00,6.895170217980041372e+00,7.876673252823161420e+01
3.782920464432901753e+00,5.232958703154499958e+00,2.945459546309753307e+01
-4.826114116382038688e+00,6.831932757185693816e+00,-3.085661694888385398e+01
-3.649105553774099064e-01,-8.061226018847557739e+00,-4.814226673532793654e+00
5.673685041168621268e+00,7.921159808559750104e+00,5.918622743006409337e+01
-8.845496470478202866e+00,8.020686895343736467e+00,-7.136675290472187783e+01
-8.309316173356597446e+00,-4.298048138988503908e+00,2.405979179279415447e+01
9.332803638316207184e-01,4.162385624064366851e+00,9.698268711639505213e+00
-4.750216335095007736e-01,-7.284633382974190496e+00,-3.971228828201986971e+00
8.747502488806187415e+00,-8.017745574031566846e+00,-6.919350877906808250e+01
-3.848128568263842197e+00,8.252728766891973322e+00,-2.719170836288196114e+01
4.273103630299539546e+00,-8.564982246255040010e+00,-4.053598801103598959e+01
7.221887687927392108e+00,-5.148859347517791285e+00,-3.435519533601189579e+01
-6.189360898384748566e+00,3.745457696514176149e-01,-7.355525524186877995e+00
7.544480702415597762e+00,9.907024646376722643e+00,9.304434547979177239e+01
-4.985595495399777199e+00,-9.030459163598791861e+00,3.115650043961137072e+01
7.016772997977401616e+00,8.631211867526356940e+00,7.622656329113111440e+01
-4.472949365191308146e+00,-2.217720119959654568e+00,3.949759175354813134e+00
6.209916325452883967e+00,-5.468921367328340999e+00,-3.258138108274113875e+01
4.133023886926004309e+00,8.289107188784196723e+00,4.759752231517592946e+01
-1.214317987781631913e+00,1.375936702818203017e+00,-6.556405205564544980e-01
4.482836225597907287e+00,9.881828106221483665e+00,5.923993418420528911e+01
6.589828152011573792e+00,4.478659364134831122e+00,4.090311358466678371e+01
-7.807500052989020389e-01,7.520502871246094401e+00,9.325510921754216476e-01
8.710833727827516526e+00,1.633996010887255323e+00,2.485107903816910380e+01
7.497966745941322841e+00,4.376479456359065878e+00,4.471777704093404537e+01
-7.238124949296553368e+00,-3.425900142701845397e+00,1.468014146825935917e+01
5.431967671288273181e+00,-7.664338585776762081e+00,-4.303591859977394307e+01
-1.501321358376728199e+00,6.527978481612411343e+00,-4.386806689093607936e+00
3.989062213484782404e+00,-9.687813996961056162e+00,-4.339793441684563646e+01
-4.613216092799907742e+00,-9.797303932243474733e+00,3.116193446148735191e+01
-1.159218171882141490e+00,-1.610600658743770452e+00,4.113153293987537040e-02
2.294989490063915838e+00,-4.486314363889327694e+00,-1.198308088864308552e+01
-1.121434445365013133e+00,6.531220458279594965e+00,-1.225781485837626583e+00
-1.836394989278648637e+00,5.310310121369214542e+00,-5.381661131354290362e+00
-6.389896628868683592e+00,3.952730896344665013e+00,-2.686397932380753417e+01
-1.244961781035119230e+00,-8.031973074513263811e+00,1.378631135025091048e+00
5.248304819724660675e+00,5.567425332915686198e+00,4.087936160168942479e+01
-3.756179719650658555e+00,2.132078969608938834e+00,-9.154681054173074983e+00
5.951345915001947873e+00,-2.837105183740701975e+00,-1.308149760573935971e+01
-5.995244073246848160e-01,1.494380235429170867e+00,3.598631784134276312e-02
7.269205604105824392e+00,3.410734066979070889e+00,3.638904584963216138e+01
5.634673445460368413e+00,-3.233042545282300395e+00,-1.577691269175237565e+01
9.297816971235903338e+00,8.053811952745498104e+00,9.255523037310423717e+01
9.443872243058333282e-01,1.340573484299877549e+00,4.012726338805634896e+00
-9.689326899631517165e+00,4.717061869977666078e+00,-4.976876167687517949e+01
-8.947490824589234393e+00,-7.206514577028451107e+00,4.894145526152713188e+01
8.505585498386068366e+00,3.827910549826125219e+00,4.512660662694326419e+01
-4.691649068671419620e+00,-6.574709650515857540e+00,1.986027890712779964e+01
3.663612343319080367e+00,-5.197329093525215882e-01,1.427920922235105028e+00
-1.567644802107677648e+00,3.258256126311703582e+00,-3.310464774104322494e+00
3.312259006240873660e+00,5.204203600512297356e+00,2.610205855616525739e+01
-8.960816585996127515e+00,1.117523761698471674e+00,-1.751476105739666167e+01
-2.845359178903112962e+00,4.744484586231454415e+00,-1.143980318976531763e+01
-4.910468444616203243e+00,8.783330318690911298e+00,-3.908677161498025754e+01
-9.663797004736325746e+00,8.876277387068981284e+00,-8.567745498305083629e+01
-7.556353359192762298e+00,-2.666572880080170904e+00,1.080097970243714123e+01
1.726546164120179583e-01,7.654282006479743217e+00,9.547675308249649717e+00
1.823372507979568624e+00,-1.317995843863233318e+00,-1.352130975211038422e+00
-7.790101556824464701e+00,8.274073646997486264e+00,-6.395899715270500963e+01
-7.889085344485103235e+00,8.358246474492187161e+00,-6.514240798689822043e+01
-3.974838115102881098e+00,7.124045272187984779e+00,-2.459535950673670612e+01
6.181788193131527720e-01,6.805907342575480357e+00,1.163902910086878606e+01
7.686878787445998285e+00,-9.948239253880966970e+00,-7.853311980083941535e+01
3.680217137482495460e+00,-6.731722655670406397e+00,-2.699244631446802956e+01
2.070942875558063889e+00,-1.251129570650192591e+00,-8.595737180500474528e-01
-1.457599631749083358e+00,9.563605498064930543e+00,-5.771940778681782902e+00
-1.081121943737146651e+00,8.786292580862589574e+00,-1.432291341026677767e+00
-9.833210296993382116e+00,6.457094322112187257e+00,-6.673039885064440568e+01
7.880189772237507384e+00,-7.141608585707377443e-01,2.449586270009471267e+00
8.086939056923302616e+00,4.934839516787917546e+00,5.386111969369611074e+01
8.099695887381322734e+00,-3.719689036302455953e+00,-2.507781791685852824e+01
3.655076137434624783e+00,-3.654353598155433147e+00,-1.328042739668968863e+01
-8.908740501439462278e+00,5.474962411969093168e+00,-5.168233617072527153e+01
-2.910225978821112669e+00,3.576134877408332358e-01,-3.556856848888073408e+00
-8.080282218029905650e+00,-7.704939540564801348e-01,-2.204554690664576988e+00
7.370840728462042080e+00,1.452947649840186983e+00,2.043654444779619794e+01
6.032459197236704540e+00,-3.725214674301700057e+00,-1.940222376334267906e+01
-2.193439521301449702e+00,-6.011181758176022960e+00,5.241860903376183600e+00
-7.336927900120782553e+00,-7.758737708109495479e+00,4.197351787530654832e+01
8.376119104912749691e+00,7.964753264014632350e-01,1.608707275447115848e+01
-7.189881006642197647e+00,-3.728287655496047570e+00,1.672131373113134956e+01
-5.600917644386555594e+00,5.438669537352964767e+00,-3.033364305784786552e+01
-2.181947840552180828e+00,-1.536480044491028707e-01,-1.990087421244942645e+00
-5.703462671030131048e+00,-7.818797121887350876e+00,3.162452171343207752e+01
2.583309874766433367e+00,-1.499772909107514707e+00,-2.575871594036317269e+00
-8.490389011837031319e+00,7.666702504193636969e+00,-6.550812981589268702e+01
-5.898396732573769619e+00,-4.971230954614891395e+00,1.863498182118340196e+01
5.814031424314363150e+00,4.119004616638017424e+00,3.398232407147548173e+01
3.503684382995420066e+00,6.000649662432198994e+00,3.058227293227807309e+01
-8.207092232109898688e+00,7.120858865331975096e+00,-5.892410335187837234e+01
7.387583605698296196e+00,1.053645069868231587e+00,1.675378687842182401e+01
-6.370069985655259615e+00,2.164830733103768168e+00,-1.792572939003851218e+01
1.091464871351650601e-01,4.450923800145501374e+00,5.768243385752505503e+00
6.808164679325674484e+00,3.327670934535911229e+00,3.342208703920512392e+01
9.710111823150256782e+00,8.055373104544155893e+00,9.664056466271533452e+01
8.998093353305343101e+00,5.030508302357954875e+00,6.000860247846838291e+01
-9.122279309386449597e-01,-7.834089198503702001e+00,-1.578637491252111280e+00
-3.491695077849370499e+00,1.378603221529267842e+00,-6.700116550947309513e+00
-7.098649615537617308e+00,5.432615209116303134e+00,-4.020074404898213061e+01
2.729980027365911610e+00,3.527472441948624748e+00,1.590139077190187500e+01
1.731601673306977673e+00,7.845765287529097520e+00,2.338126338553879435e+01
-8.424042106037941124e+00,4.270566187145199422e+00,-3.956869734098354030e+01
-3.498426438016082329e-01,-1.162011825662307984e+00,-9.346740818179203325e-01
7.462349581998857673e+00,6.493059714318189179e+00,6.245040903939184318e+01
-5.358828942239004078e+00,7.461854641206031147e+00,-3.699309063524673746e+01
-6.847276438965086420e+00,-2.169793018124721584e-02,-6.265377939938633567e+00
2.045565553301955219e+00,-4.470901550040697892e+00,-1.062032970782354369e+01
3.105901043845982201e-01,7.702899045092873820e+00,1.086624132741528115e+01
8.704551870838837857e+00,-1.693369837687228596e+00,-7.685082367550991833e+00
6.598969978416828752e-01,2.316005794685187524e+00,5.373809178293387667e+00
-7.011310705179305103e+00,4.879249151541982243e+00,-3.623334939168272228e+01
7.673878786505749616e+00,-4.509301998648140852e-01,4.495011639160922279e+00
2.354266936948972599e+00,-3.817681634299998628e+00,-9.958101833516701973e+00
-5.389743487733400507e+00,8.402447579269090028e+00,-4.180038633777597568e+01
9.736944289242231321e+00,4.464739554039301339e+00,5.846003659947611908e+01
5.136963728233510551e+00,8.617949244477244974e+00,5.808555274856932016e+01
7.251413486916323592e+00,6.676128331115528169e+00,6.261730244924172695e+01
6.404157651732031553e+00,-5.877029224569598753e+00,-3.704231477782096249e+01
1.773059241381860218e+00,-9.300271237270301583e+00,-2.369585709602030477e+01
-2.431209718566050171e+00,4.150193391939616561e+00,-7.404335399277879759e+00
9.759822988400351562e+00,-6.260106060334058142e+00,-5.721369701343736125e+01
5.584719788949168873e+00,7.278424919004763183e+00,5.441792807109737851e+01
1.297976363256406529e+00,4.686785896564881426e+00,1.268765987343745216e+01
3.767396786390097674e+00,-5.240214216660006308e+00,-2.101318059788157910e+01
-8.898759908192619861e+00,-5.983891070672397561e+00,3.837145096466802130e+01
3.172160711549256717e+00,2.177995270466048794e-01,5.066936500459451764e+00
6.057863490469333811e+00,-5.202593506094414622e+00,-3.002267329688918096e+01
9.048242539819625563e+00,6.972016284996225721e+00,7.986247744448559160e+01
-2.016177553358646790e+00,-8.358744469892103623e+00,6.636424127375203597e+00
7.902608348315460773e-01,3.166596432948825424e+00,7.212124663560814497e+00
2.393562454195919287e+00,4.118746635309653570e+00,1.671455414012440954e+01
-3.595577108630529928e+00,-6.539823627568437381e+00,1.423741767631524446e+01
9.463190512178236702e-01,1.849231292745015409e+00,4.660930397223707722e+00
9.381091525179169111e+00,5.429904157612570614e+00,6.636453628144084860e+01
-3.085001155654030214e+00,-5.244758630948824774e+00,8.807070196108000459e+00
-6.290300304965663614e+00,-5.951346796390653004e+00,2.593561489420568478e+01
3.423031083726746360e+00,2.489943268894244000e+00,1.444079789248747225e+01
-1.245840008272782740e+00,-4.542947532785326814e+00,3.492802298585966359e-01
2.731619528665536478e+00,-7.347930410565686188e+00,-2.468609393782515227e+01
-8.376225739722171326e+00,-3.470088791826768215e+00,1.796531230237064847e+01
6.023705352237762156e+00,-3.717560379776649881e-01,3.771422290609852901e+00
-6.523577231398778764e+00,-6.794079657488458324e+00,3.152678355518875719e+01
7.074752860715268099e+00,9.845747586331125234e+00,8.720977806464281912e+01
8.060419681113241808e+00,3.078764977148702897e+00,3.688472310517121144e+01
-4.781980333710784237e+00,-1.287394393876503784e+00,8.544093021100551688e-01
1.876692880830326260e-01,-9.451951192148754899e+00,-1.070694622530443851e+01
2.889123147204479380e+00,5.497648087870928180e+00,2.434635481507257637e+01
-3.392197451788343088e+00,7.608588814635066200e+00,-2.089530741310482398e+01
-3.143130396543655891e+00,1.386784570383010617e-01,-2.536490059584212364e+00
-6.152240402982325662e+00,-8.930557556176744072e+00,3.996123945234381836e+01
-5.696539021911888767e+00,7.307517319709440073e-01,-8.769913127744146664e+00
6.913381129715649109e+00,-8.108379438686622365e+00,-5.718169936254452068e+01
8.855189498218219768e+00,-4.845040057824203217e+00,-3.867852423216127988e+01
-4.705144940508954043e+00,-6.746860058918895398e+00,2.112705431506734755e+01
9.442465198150461703e+00,-5.617050470959481956e+00,-4.889490408575536406e+01
9.847931129554808649e+00,1.346398027147381882e+00,2.527135265214429438e+01
6.565849235409132234e+00,7.940928137106062934e+00,6.749417565554182374e+01
3.344741820115345377e+00,-2.937031855432927330e+00,-9.195430301562986131e+00
4.031046071848399137e+00,1.183077046345637484e+00,1.046493408045356333e+01
-8.873446216359866412e+00,6.674949841133322792e+00,-6.052464431103584985e+01
-9.998302575917890067e+00,1.084943705361961719e+00,-1.941496545033980681e+01
7.998215750675154112e+00,-5.184409568378560706e+00,-3.803989761695062555e+01
9.005770883403986460e+00,6.217577159619711580e+00,7.210612769471104855e+01
-3.395941042711953628e+00,5.507790839528079019e+00,-1.639975953515811113e+01
-8.877262398038283209e+00,-1.274986460652316467e+00,1.668645032101995440e+00
9.255053317243632449e+00,4.319235875458067753e+00,5.454574998822070597e+01
6.287534452603662061e+00,-3.448465052974984957e-01,4.650599123319149264e+00
-9.375045743902852280e+00,-3.154608537439791860e+00,1.761112145341568436e+01
9.409426086132928191e+00,-3.612494274959487939e-01,6.330322442079549639e+00
9.224900229011545605e-01,4.091065762870382372e+00,9.273874756853571100e+00
8.398591124086792092e+00,-7.828253132572157824e+00,-6.517562440642535648e+01
-1.794819424352214199e+00,-9.198302469000301684e+00,5.917944566807896045e+00
-9.183317588759125627e+00,9.729673672645148486e+00,-8.785485785348889465e+01
6.042848878193989748e+00,-5.163149761950727168e-01,2.732419246028717996e+00
-3.845405514844307149e+00,-8.286806199764001235e+00,2.054105000944239023e+01
-4.779322603376883194e-01,-2.800431388561159807e+00,-1.389014191842186108e+00
-8.815775143287574167e-02,2.240277219942354847e+00,2.433791870413537062e+00
-4.018108569619595727e+00,-7.359388482591963765e+00,1.870489810267364916e+01
2.105464611036246936e+00,1.791225382770759822e+00,8.012859974032217281e+00
5.583658592457442893e+00,-9.651788518253079374e+00,-5.736089270076715962e+01
-7.950307239175062435e+00,-4.035790702220172221e+00,2.015531750227929564e+01
6.486284854155918822e+00,7.715643183211483347e+00,6.452847702360959659e+01
-6.355415554588614846e+00,5.836247658992309795e+00,-3.752852457565695232e+01
5.953147517798974775e+00,3.240651492925167076e+00,2.914610542444575003e+01
1.932097267556185827e+00,-8.481459873073259104e+00,-2.213399921077218124e+01
-6.546517000657110508e+00,3.606700489923237996e+00,-2.621347825321216263e+01
-9.104835838252810731e+00,-5.617096384180911173e+00,3.720917901985636433e+01
-5.583602384695714349e+00,-4.118947408714806357e+00,1.361972855125297777e+01
5.508195248091865892e+00,4.302150566483346594e+00,3.354436887187397787e+01
8.900574094773389788e+00,3.085786463938749336e+00,3.983259035976246309e+01
1.211451973068136567e+00,-6.954355589133731641e+00,-1.403550786075629730e+01
1.699600419137588858e+00,-6.981840174268372223e+00,-1.713914271447223570e+01
-2.550784677992739446e+00,1.833297664542858030e+00,-5.204271802737326702e+00
-2.601731325706682085e+00,7.443266716121314630e+00,-1.446723258699886294e+01
9.016627273078825056e+00,-5.214080702550156765e+00,-4.259101372695688070e+01
2.294026727210216166e+00,4.792053261237940731e+00,1.891308854652381655e+01
1.685330206262030117e+00,7.646714706659462735e+00,2.274369537240214356e+01
-2.519735840625147993e+00,-5.911396996280537941e+00,7.371958594968520906e+00
2.458194426668278254e+00,6.033852228504965609e+00,2.358140119602461837e+01
-9.746864478131058718e-01,7.233620713606363495e-01,-1.941459043860825906e-01
9.433732396829093148e+00,1.816332072892040017e+00,2.890079238577585130e+01
5.267790672053800805e+00,6.341366445170493193e-02,6.327110716195645246e+00
5.761193722842033793e+00,-3.793653943613897184e-01,3.282768382496752846e+00
-3.703140987974151699e-01,-8.698546655779409775e+00,-5.486218987916384293e+00
9.781903547488091988e+00,5.459536223237638097e+00,6.911007097035691515e+01
5.968026289917718330e+00,-6.841348720087257362e+00,-4.142096531927320768e+01
1.516149899436525672e+00,-2.874473936328203472e+00,-5.685116826440748561e+00
2.320491317193724257e+00,-7.970041027587289051e-01,1.193136467107595022e-01
-3.150440048031882156e+00,4.707804115777614484e+00,-1.300627143131149843e+01
-6.510839604353906296e+00,1.903762475911058516e+00,-1.630578522525709673e+01
6.828507168907062663e+00,4.165287269499351908e+00,3.967498481600241433e+01
5.360313830549316094e+00,3.349228434933619880e+00,2.667985451919698292e+01
-9.769613813256510682e+00,-3.658564605102299083e-02,-9.129929407417435527e+00
-5.626448317660659448e+00,-6.065012049211066625e+00,2.298608874283316084e+01
-8.767156614474984622e+00,-3.641810591669027986e-01,-5.308338947791122031e+00
-6.135547074539113410e+00,-4.591106698553401699e+00,1.749498819965208440e+01
3.041007835977438845e+00,-2.394088468310826556e-01,2.715262442513511232e+00
1.880617582961212619e+00,1.056558592573409783e+00,5.656496291766468509e+00
-1.683490064293930999e+00,-2.085208423689146606e+00,2.189550925575731721e-01
6.147501939010574290e+00,-1.609715715831756100e+00,-4.519513314062442610e+00
9.933693537891855385e+00,-1.947407409329837691e+00,-1.123542175234739382e+01
8.332810575389416385e+00,-5.299389377869559326e+00,-4.048798990684040433e+01
-6.338672902427360256e+00,5.522424739609874678e+00,-3.495376440330877443e+01
9.084360195189727705e+00,-6.078028364878171885e-01,3.953223919578083834e+00
4.783918628743791146e+00,-1.785008211127916411e+00,-4.647140553413644959e+00
2.334125641915605343e-01,-2.274173730162911689e+00,-1.971094608669170967e+00
-9.609104617916607083e+00,-8.896377462008256742e+00,6.755185056500374685e+01
8.702145088113937277e+00,-4.521465947007712316e+00,-3.512300052642787307e+01
-6.081035651285575661e+00,-1.837343972986404950e+00,4.059443210170011085e+00
-4.652868446079416742e+00,1.373710852116500902e+00,-9.603245875935899178e+00
3.699008333553441830e+00,4.561631088859794403e+00,2.563955116405279355e+01
-7.846462113758718715e+00,-4.899403296518167750e+00,2.651782360858979715e+01
9.391096577304697490e+00,3.702763190493222112e+00,4.859532448000570781e+01
-3.547328315884080041e+00,7.647470157916782085e+00,-2.254385129273317290e+01
5.181957530164583048e+00,5.212558960915124828e+00,3.836743934537305023e+01
-8.133969194293673155e+00,8.170989583351655483e-01,-1.377226515938479778e+01
2.483877648503440838e-01,7.470099659115515323e+00,1.044725690503415017e+01
-6.278741128630100476e+00,-5.919739743182703684e+00,2.587838022544839589e+01
4.553995688135454856e+00,7.725701947861100649e+00,4.805124793242848114e+01
-3.078845005764012654e-01,9.706745091668761205e+00,7.070499561267743260e+00
4.170413432495598371e+00,-1.875677426401583858e+00,-4.539782157376433425e+00
5.183902731260747743e+00,1.773416461221790641e+00,1.633850762847755433e+01
2.463197006927446253e+00,7.361648418343222033e+00,2.892995083590692573e+01
7.756963893870153726e+00,2.740946788169631887e+00,3.261716939614933608e+01
-7.831729672548051191e+00,-8.230597533544091959e+00,4.892884155442465044e+01
5.320318745462564891e+00,5.954749567022750156e+00,4.378093353773414265e+01
9.908606710116909966e+00,3.412795138365389391e+00,4.719049485636617902e+01
4.624942976769837344e+00,7.549376169040343143e+00,4.798613622446021054e+01
-9.674701010414603175e+00,-6.743366933608864855e+00,4.940195101791745458e+01
-8.645349042538725826e-01,4.138035859447889209e+00,3.892205815613818398e-01
-4.517205243816018623e+00,6.587284405284435707e+00,-2.683921122423275563e+01
1.663227709251703601e+00,-2.884697134007597086e+00,-5.357705587207615139e+00
4.552655658584928489e+00,2.563168890790949561e+00,1.926699432009534618e+01
-1.822900234189098967e+00,5.671448466427296609e+00,-5.788795191526840078e+00
3.547583007293255264e+00,6.192379888381012165e-01,6.809628981254163271e+00
-5.573366955274297041e+00,2.440845199804115850e+00,-1.671066142968145485e+01
-9.683324750232367606e+00,4.969315389251253379e+00,-5.215070426931912806e+01
4.469520233759418204e+00,-6.392138291865347988e+00,-3.022756938137875693e+01
2.891546830821326353e+00,3.355104354188704008e+00,1.679505827234080328e+01
3.571704955735784282e+00,-4.137731447934989149e-01,1.917794614421343802e+00
3.508175882988261662e+00,-6.696132047343437144e+00,-2.594077154955851938e+01
-2.684255336612768161e+00,-6.008653005389992252e+00,8.254444127193814040e+00
-4.515250647560547392e+00,3.017299206942698930e+00,-1.476867155241036755e+01
2.564165714637036686e+00,6.042102383293808998e+00,2.450941957662383075e+01
4.294789613295325381e+00,5.075896398570458601e+00,3.129664778401057035e+01
2.251393502571644945e+00,1.492918422360627773e+00,7.123542610619768567e+00
-2.384061392800234103e-01,5.924003204396239397e+00,5.199318694133307162e+00
1.889779202568785621e+00,2.765427110408504419e+00,1.055806826337008886e+01
5.868360724335456524e+00,5.153235777443684995e+00,4.184157017417319935e+01
3.695079890892357000e+00,-2.709385958865142996e+00,-8.272652397411413006e+00
-4.842140452945120188e+00,-1.868984537962152359e+00,2.821131525561395126e+00
-2.055247611067018809e+00,5.321361451766687622e+00,-7.080844605317119900e+00
-3.498290378008319657e+00,2.849958741155338870e+00,-1.025579541944650508e+01
-1.013861916674114738e+00,-7.818365078596041684e+00,-9.978605608341473143e-02
-6.770518100516831339e-01,-1.191882071525348863e+00,-5.762722457744120508e-01
7.989469398324295923e-01,5.009384081017156376e+00,1.070396701391764616e+01
-4.475363816412258444e+00,3.606452378695674810e-01,-5.582540806220843699e+00
8.702318689936429763e+00,-5.480644652589727883e+00,-4.433734471650287645e+01
-5.377351126921048774e+00,-6.205457322478011406e+00,2.276480426346785890e+01
2.896320622795503397e+00,-5.947524975538486913e+00,-2.025976101909854421e+01
-8.567540052293301400e+00,-4.243608082919950064e+00,2.403154729711231141e+01
-2.886166822354033101e+00,-6.213685681388538384e+00,8.936095704143269813e+00
3.603210082579833440e+00,-8.537092702844073955e+00,-3.539357163861511424e+01
5.830726971744441656e+00,-5.497937411853303757e+00,-3.159624458220134358e+01
-3.745803582649365637e+00,5.142452112532255981e+00,-1.772166500685823110e+01
-4.306224722760028101e+00,-3.050122173250020552e-01,-2.947752741880653282e+00
-3.973467055995900665e+00,6.518513135855606322e+00,-2.302496690061001416e+01
-7.985487795825649826e+00,-3.766864370150591057e+00,1.855640705359661169e+01
-2.551211906613907843e+00,-2.058816820782838342e+00,1.194077972495667161e+00
-3.151887610679757756e+00,6.266950599799262278e+00,-1.625109852446460579e+01
3.455195137398558103e+00,-1.582648350869082066e+00,-3.055349948767642765e+00
7.804787139679291386e+00,-9.416284480862415762e+00,-7.432331275035659246e+01
3.565168444657722091e+00,-6.923465425626904590e+00,-2.780867181397751153e+01
7.451976443188726762e+00,4.286366393905732153e+00,4.432823499097584374e+01
-4.866944699808666286e-01,-3.814992914407979718e+00,-1.784884514468728867e+00
-1.342619083829809767e+00,-2.001265520302282219e+00,-9.592401425456231756e-02
2.115948720433211250e+00,-3.896904273992538137e+00,-9.213610330139326621e+00
6.620421537566517856e+00,4.663839343028719497e-02,7.070893307923054039e+00
-1.130187744269948169e+00,-7.833318115814169147e+00,5.924714664747517956e-01
8.508642926996909495e+00,-9.521616851922034996e+00,-8.171013892226184794e+01
-9.775319363361843372e+00,8.275312891196101361e+00,-8.231323956891611715e+01
8.563192691880310292e+00,-6.515390414735728442e+00,-5.323283857174972411e+01
-9.433617169177853867e+00,-5.238998692805272306e+00,3.495149904523287887e+01
3.302244992326567541e+00,-9.820017116216501307e+00,-3.829059987817569066e+01
-9.230474130556522994e+00,-9.022651072732097433e+00,6.510355898413502018e+01
6.677307092309849423e+00,-5.866970270122598308e+00,-3.743422115299436115e+01
3.631803512657505451e+00,-7.607469616161530723e-01,2.909759477358407898e-01
-2.688800254025689895e+00,5.219448652151710277e+00,-1.146173869673564383e+01
-3.760267630676354500e+00,-4.401207345552606398e+00,9.171843008592576396e+00
8.939088129918786763e+00,-5.457948668135552239e+00,-4.504731686570599436e+01
4.443420855526625246e-02,1.254455563438682475e+00,2.327839670705682984e+00
-3.525122702250076401e+00,-1.167341465003527645e+00,4.195109365923342937e-01
-7.108462141727751593e+00,-9.712083720281778909e-01,-3.610468574488128191e-01
8.946600628395444232e+00,-6.472270972067144967e+00,-5.523632274611495774e+01
-3.225712017784292840e+00,8.265067072305512852e+00,-2.134315832025466619e+01
2.498160090212609319e+00,6.931009255926852575e+00,2.729453356324635038e+01
-2.205469075254685052e+00,-3.218870173222441622e+00,1.921997650951948078e+00
6.871344033948865615e+00,-9.636268247390587405e+00,-6.826665147358137631e+01
-9.426434064704922733e+00,4.474123024052643061e+00,-4.708317450450027764e+01
1.216842449453867658e+00,-3.227951543244591548e+00,-5.670880679206680597e+00
9.529897929446288884e+00,-7.944421422543790356e+00,-7.381027433839996377e+01
-3.690641698591170083e+00,-3.560963772748603873e+00,6.442542024219651609e+00
-7.443031783488233799e+00,3.720833048580569624e-01,-9.122025900297414225e+00
1.519647401313232393e+00,8.675644567007012142e+00,2.407000189621582464e+01
6.818313030648727846e+00,-1.977870463940909929e+00,-7.705870950907900863e+00
-8.810304710848981813e-04,6.188671018861448658e+00,6.718185277611725681e+00
-4.911759876947030534e+00,-5.590431381157738855e+00,1.778920832170064870e+01
8.678015745351952859e+00,4.508898559823535379e+00,5.258426720984456182e+01
-8.368124017976141360e+00,-2.495245463886426762e+00,1.071689826602354856e+01
-6.066311308258507395e+00,6.014077739911954268e+00,-3.635361841996700605e+01
3.417648922186815597e+00,-8.519246115054393442e+00,-3.326240290047869763e+01
4.567549934803359690e+00,3.942970914738753052e+00,2.687962657038655578e+01
-5.388208559784430918e-01,5.973423039445393101e+00,3.055350242238566327e+00
-6.756746237814983402e+00,4.004629418718048228e+00,-2.955678140417674982e+01
3.103221493455146529e+00,7.100390307653398736e+00,3.234807615536823278e+01
-5.573749733126489581e+00,-8.721573297327644525e+00,3.508837431150877251e+01
1.831080245896099967e+00,6.750356422285118896e+00,2.188940485970978855e+01
5.802783304267045139e-02,2.414952830108722637e+00,3.475607775727261650e+00
-6.970612864637413253e+00,-5.214890753581878258e+00,2.432506933577089825e+01
-8.295472883287811072e+00,4.499067371009992655e+00,-4.087779037798681969e+01
-1.835243530135082679e+00,6.311374586303827527e+00,-6.449579611192270967e+00
4.709075733068603498e+00,7.758329519120628959e+00,4.997845174077362884e+01
-9.089588425333474220e+00,-3.588034235136767336e+00,2.072756368455043230e+01
-6.153146158784352338e+00,6.457405708662349753e+00,-3.854540748381482018e+01
-5.116812734763658277e+00,4.717392203058185629e+00,-2.398181474628328402e+01
-6.388713663070106463e+00,3.315388357502204286e+00,-2.404095637750738845e+01
-3.137529962603617939e+00,7.217883371569229212e+00,-1.774885167229330563e+01
-4.138182828889096498e+00,9.108488567202105202e+00,-3.190595501546844304e+01
8.851446724188182458e+00,2.732287301014890701e+00,3.578175546746741986e+01
-7.751825863015331386e+00,-8.078003494274252461e+00,4.729965399782177826e+01
3.131665725112725340e+00,2.940353620366719767e+00,1.535164260221321086e+01
-7.438530689647679495e+00,2.290620457224811446e+00,-2.198744452899788371e+01
-3.063023617544040178e+00,3.651908066638380745e+00,-1.025839826184999026e+01
6.587680427515778092e+00,-8.191472584537820012e-01,1.317929742194940301e+00
-6.980120878165021026e+00,-7.926976473728051253e+00,4.130531857941691953e+01
3.324933348654028009e+00,-8.457138814593269771e+00,-3.228121494584122075e+01
4.610516895288505168e+00,7.458188741724899984e+00,4.658993838908948959e+01
6.529448575869981397e+00,4.393300227131291535e+00,4.017112712025870991e+01
-6.134065795110982933e+00,1.948306047536219054e+00,-1.565540823691932637e+01
-1.608523652509326496e+00,-5.763077830085181930e+00,2.397419059432519095e+00
9.560495847507585410e+00,1.031411934057544499e-01,1.094944661163277821e+01
2.154215485675049280e+00,4.124072515574518150e+00,1.525941940840981381e+01
-1.744043490473856650e-01,7.313504607139030611e+00,6.348400805616960518e+00
2.458053093115232457e+00,-3.851849372801796179e+00,-1.036267408748622110e+01
-4.027107214995702122e+00,-4.642135293749309888e+00,1.081525624748615577e+01
2.188335627825139795e+00,5.254307511371330008e-01,4.856996277896856284e+00
6.090832208955884397e+00,-6.240935807671932345e+00,-3.773746160369954339e+01
-7.135600302922568972e+00,-1.793308820380307367e+00,4.119134506057544165e+00
9.624464916801830583e+00,-3.245502863166573881e+00,-2.444277461841793198e+01
-5.421590168041001689e+00,-7.052838098078133555e+00,2.583349182822266954e+01
4.582864842769740932e+00,9.525792510504370370e+00,5.875362308890547780e+01
-9.864234519131983348e+00,6.935555361437209854e+00,-7.127910761177427901e+01
-1.282277705906405885e+00,-8.263956722638470254e+00,1.715759692254975821e+00
4.417465785659359767e+00,-6.915552044151382916e+00,-3.219563652963505263e+01
2.053720080512569268e+00,-9.063545624897383135e+00,-2.488066967187095457e+01
8.904744937462144350e+00,-9.737101549969009895e+00,-8.662588020165857472e+01
8.249992244034533684e+00,-2.623664364695430962e+00,-1.567598260029865109e+01
6.480868586388794483e+00,-9.513486836359614784e-01,-3.442796308358776480e-01
-5.015935992792819320e+00,-7.836234873918275667e+00,2.673289405442239186e+01
-4.811162972940588034e+00,-5.325370163526601530e+00,1.625848354789219385e+01
-4.748778686172312469e+00,4.584299659647415481e+00,-2.113532621670078626e+01
-1.441246851340896029e+00,3.616019637930396158e+00,-2.252568587620569218e+00
7.885446394613566667e+00,-4.240496142737044671e+00,-2.952641192517552327e+01
-8.084860139824437297e+00,5.381450550182155013e+00,-4.604334418917910199e+01
-7.220072005830235895e+00,-7.155702556608892095e+00,3.747983004878833668e+01
-9.691245537555348122e+00,1.916075833370767256e+00,-2.610781182657289889e+01
4.592704094414035154e-01,2.965933655315138751e+00,5.488084608228759542e+00
4.705759914348197626e+00,2.919104012995880737e+00,2.161185373932194409e+01
9.806147892947581823e+00,-7.855024326376036647e+00,-7.481100397890602949e+01
-3.032790792777522171e-01,-7.335122409943075183e+00,-5.169711328948461748e+00
7.348769028341827436e+00,-5.842534792319799664e+00,-4.048369607066426568e+01
6.188245635040399151e+00,3.395264083239606379e+00,3.079380909183489834e+01
-8.383080661762246422e+00,-9.611161128707552237e+00,6.314386128801854170e+01
-6.384674475550657924e+00,-3.591080298297768536e+00,1.310966943256770634e+01
4.916036115497547598e+00,6.105493690302257193e+00,4.140146417710258220e+01
9.367688810689553947e+00,9.077725742198133219e+00,1.035839638338030539e+02
-3.165541226291603394e+00,7.061344978202537703e+00,-1.758306399510698270e+01
-4.682838335066659141e+00,7.587271033524846331e+00,-3.227963632529633031e+01
-6.863946601846144802e+00,4.031950229243674855e+00,-2.991341639859228962e+01
-8.836018147763464725e-01,-6.303812440563998365e+00,-1.401968874963179346e+00
1.328431731112321046e+00,-8.849934884878614128e+00,-1.828733376579331349e+01
9.341044417291161750e+00,-7.025539890710454927e+00,-6.292590273394645095e+01
8.892246424294768303e+00,9.891799717154718508e+00,1.067935838502221486e+02
-5.690199081814628634e+00,-9.777179164300465075e+00,4.031900422087189639e+01
-1.285519202793567572e+00,-8.960744590316949143e-01,-5.953745318533560926e-01
-1.143568430356882715e+00,-6.952775694024671438e+00,5.772177290179437703e-01
5.055895011099874381e+00,-4.517243679521520505e+00,-2.197354382169845621e+01
-1.256243462320608018e+00,-3.550333976497559441e+00,1.362819622192286140e-01
3.986440124088275638e+00,5.913148404051247198e+00,3.384734615177879391e+01
-1.305006402328448445e+00,7.086927883125074601e+00,-2.729851039148621261e+00
-5.702746781841354640e+00,-3.701563578563169088e+00,1.267418664141760054e+01
2.781529329522488325e+00,-7.567086323462907771e+00,-2.486739148110248365e+01
-8.652473862087269652e+00,5.886436351133909284e+00,-5.271351038358473318e+01
-7.815869225380538410e+00,5.957593200944257816e+00,-4.811863853788302947e+01
-8.475652086067695379e+00,6.055521279570662330e+00,-5.298490069303190353e+01
-4.823805068501727078e+00,3.177998990337844276e+00,-1.648605413826342314e+01
9.419068173307191927e+00,9.398256651999759015e-02,1.081168578060000840e+01
3.588290608973048634e+00,-5.489966496066902124e+00,-2.095670218650702310e+01
-2.628916678742463375e-01,5.670027539710456921e+00,4.495427854349331120e+00
9.891651025486915216e+00,-3.277085683879422007e+00,-2.537023826494571566e+01
5.053224694779714810e+00,1.496211619068237297e-01,6.026840544347350281e+00
-5.038289702759472632e+00,-6.812167056624939931e+00,2.259180778847698789e+01
1.447086104732452583e+00,-4.654913656066925753e+00,-9.302412278064004170e+00
-4.616996021974166808e-01,9.077743971888530439e+00,5.328127483687006283e+00
7.841079401059936060e+00,9.882897527461373954e+00,9.617881547061855940e+01
7.570301307730353813e-02,-9.882318145984214652e-01,-2.922053458047546570e-02
-7.238318005424469348e+00,8.240320925269696062e+00,-5.799776734326002980e+01
2.978338889317377891e+00,-2.242541401507082810e+00,-5.658617163837693198e+00
2.618125396667601024e-01,2.767174046311479785e+00,3.991324079593019825e+00
3.502441561379106005e+00,-6.886361992364014029e+00,-2.724620960826630167e+01
6.338778737585862189e+00,-8.058525026533047253e+00,-5.204509833403195529e+01
-6.296003872613209040e+00,-2.142324179614174540e-01,-5.022334993268432690e+00
-9.046792479948674526e+00,-2.919468719770408782e+00,1.540859909191949484e+01
-6.936667211874976147e+00,5.133715133736957981e+00,-3.683228823372014205e+01
6.855813885225508386e+00,7.612944525678773999e+00,6.682544809503987437e+01
-2.079690131117657437e+00,2.560135017260620316e+00,-4.176413384069678436e+00
7.280677330561005078e-01,5.051394476252184518e+00,1.006872315559645337e+01
-6.677943361849978388e+00,6.698313211147102209e+00,-4.373936043463835688e+01
5.147728447785153705e+00,4.152715110004921328e+00,3.148192770655908745e+01
-1.727478700223523234e+00,3.908216062309431749e+00,-3.721209988400129287e+00
-2.305532744242562160e+00,6.385107118712088692e+00,-1.015595276654862822e+01
-2.614132708308924968e+00,-5.455950296142586531e+00,6.329101934934685758e+00
-2.044700956765728606e+00,6.163252226900478803e+00,-8.272882898115669903e+00
-5.460136183295915657e+00,-1.830629203568989283e+00,3.443245821524413941e+00
-3.563637410266569105e-01,-1.256507440147682786e+00,-1.049719243270335278e+00
9.922560605967557734e+00,2.446594209955891941e+00,3.681075244545117897e+01
9.297315736479799142e+00,2.713337858515785683e+00,3.816522162067056456e+01
-9.619575834382960267e+00,-4.004493736979847895e+00,2.542267097105101925e+01
-8.871405941897059222e-02,4.823728549138477817e+00,4.635499225114204869e+00
-2.495830544408626395e+00,4.901417096009677010e+00,-9.420878408451574870e+00
-4.466188658682752610e+00,-7.082218906644164313e+00,2.027450883641366275e+01
8.257974420779312652e-02,9.086104143283971979e+00,1.074402678454032944e+01
-5.165290897157273520e+00,-4.570356262998178210e+00,1.439000408060153724e+01
7.415883837950218549e+00,-9.272961877975998135e-01,2.392836750862613604e-01
8.641418087191173214e+00,-6.631816272789174960e+00,-5.492268293182743122e+01
-1.150593264040068675e+00,4.519041988947234856e+00,-1.612488699796059688e+00
-3.196183640506731649e+00,-7.195630047051415623e+00,1.288308827679913549e+01
1.852030748794142312e-02,8.498922933285243175e+00,9.167912999348757808e+00
-1.992067819778558402e+00,-7.527118142591109340e+00,6.090139222389840512e+00
-5.572569696290951669e+00,6.145708276299444606e+00,-3.319338539383039688e+01
-9.442593372880301317e+00,1.766282412878270591e+00,-2.415653330695152690e+01
6.029414382190161348e+00,6.240573649581008908e+00,5.014615849896964761e+01
7.450827328911671543e+00,3.756718490685255318e+00,3.995119190350798277e+01
-3.931074529817159657e+00,3.591989807990696448e-01,-4.959412081722468280e+00
-3.037811474911505272e+00,1.965201782913865713e-01,-2.872692672229264055e+00
3.822681086475975931e+00,-8.806829433261354367e+00,-3.803209328860813798e+01
4.408877335405259501e+00,2.433208777663578459e+00,1.777071243809056966e+01
4.750328554311733953e+00,3.899194853257979432e+00,2.728209059365042677e+01
2.307816098753040279e+00,-4.028137105885969405e+00,-1.021538388559541666e+01
4.677398954056812386e+00,-6.433566173647742303e+00,-3.178398166443531636e+01
-9.193801719556715213e+00,7.037136484125024793e+00,-6.590487846619402035e+01
-6.317049889959456266e+00,7.162156770320930121e+00,-4.403972888990329437e+01
-5.207171287535485860e+00,-3.924794614711146323e+00,1.158049919202752243e+01
1.050848820756655755e-02,-4.515905600053498503e+00,-4.005286319205855428e+00
-3.262299502961438336e+00,5.606882185563719645e+00,-1.497464105886093222e+01
-6.250200132154968280e+00,1.628728407834479697e+00,-1.393068100236354034e+01
-3.467907269168330586e+00,-8.837105439710875032e-01,-6.675730078029321612e-01
-5.067671820744548583e+00,4.404877402998597091e+00,-2.268746683235425010e+01
-8.302681159398941801e+00,-3.560284356311944620e+00,1.835454049403442767e+01
-2.099376267800590057e-01,7.319791254618913001e+00,6.198319605545586697e+00
5.496252127287528211e+00,2.572228104366196533e+00,2.269492701959900671e+01
-3.017948547239370782e-01,8.185463531377386914e+00,6.365321667922778204e+00
-7.384675103417592368e+00,-3.190940105121189418e+00,1.340146818925446937e+01
8.304337467634329784e+00,-1.237310670194869289e+00,-2.369118150967629788e+00
-3.645056037622335765e+00,-7.306341008177295038e+00,1.645836511422976400e+01
2.916665672500418083e-01,7.654743130543590013e+00,1.056268343553793088e+01
7.276183119765260443e-01,3.495622139723494115e+00,6.772008047796234109e+00
7.217462509702347262e+00,1.362482958059775484e+00,1.929762851878165009e+01
-6.464511966232620033e+00,7.577680020637167502e+00,-4.716823281858912509e+01
-5.196523493574229491e+00,-9.531065036113076872e+00,3.571843771358754083e+01
8.332618483280800348e-01,-8.288116566120145023e-01,1.469958438912526422e-01
9.739972671865878340e+00,8.137021976097528864e+00,9.736761187659341488e+01
4.520745212564996507e+00,7.351531432954516276e+00,4.570463268323010197e+01
9.197471220239521017e+00,2.205180802460372291e+00,3.208292526510930998e+01
-7.826125091788986410e+00,-9.408040869211585999e+00,5.683959147043002957e+01
8.249904729485926680e+00,5.961402593170305408e+00,6.395335135276647520e+01
-2.876320035085750959e-01,1.827834659592946664e+00,1.962650324665856649e+00
3.937280849513726366e+00,-9.854136198248495404e+00,-4.415452763430741356e+01
8.178683376425667007e+00,4.977739418404734550e+00,5.471584734543595374e+01
-1.152862702627572844e-01,-1.042465449116745546e+00,-5.023496146702086662e-01
2.175950092054243612e+00,-7.481390238143397653e+00,-2.110043853721690965e+01
-2.272636140282924266e+00,-9.458520039362515064e+00,9.835503670211080518e+00
-5.204418885432648523e+00,7.993178162508563389e+00,-3.868880582551410185e+01
9.930052021393244388e+00,-4.302389990997741442e+00,-3.691789227537856277e+01
6.547609726128939656e+00,4.955745816180161967e+00,4.480142542173667408e+01
-4.144193680949282310e+00,-6.315933817549865381e+00,1.640914490294091976e+01
2.323364309823240603e+00,-8.536431109136870532e-01,-9.738789877343090318e-02
8.488439560833654696e+00,5.271623452671521548e+00,5.885354368943506387e+01
-9.954968577774053529e+00,-2.122253703688510740e+00,9.061063829941602421e+00
8.852406573753203389e+00,-2.735113257944199461e-01,6.822223462452392084e+00
3.288741912306642590e+00,-1.595049446936663173e+00,-3.344167242951194829e+00
-6.423949694667243193e+00,4.414187051715977361e+00,-2.964110248367570577e+01
3.658328752056513977e+00,-8.557847293948565692e+00,-3.562492235115539785e+01
-3.195646675363288836e+00,-3.691454092817661348e+00,5.346082292892092802e+00
-4.207003264671138609e+00,2.066369863600314716e+00,-1.067696570026489233e+01
7.142182836269963531e+00,-8.296790812171181528e+00,-5.970091219319975551e+01
6.480698696610112108e-01,-5.037014146175577523e+00,-7.503517633786456642e+00
8.577177011009823104e+00,8.853453891567571787e+00,9.420109016372576605e+01
-3.110305266786355105e+00,8.622938717517754981e+00,-2.098184016040923794e+01
3.696867887236656713e-01,-2.023800338231291462e+00,-1.704252320684223942e+00
8.460781581440969035e+00,6.968272699327922481e+00,7.517003444427388104e+01
8.548473542640600442e+00,5.694903254429579675e+00,6.337299535994916511e+01
-9.274661010596050303e+00,-4.994429335324306329e+00,3.278158501129708213e+01
5.215688991909273042e+00,-3.030675148144541531e+00,-1.323854811307033508e+01
6.105225626880006473e+00,6.454827847169966049e+00,5.253662655014051097e+01
-5.992294015312740640e+00,-4.165755798689547262e+00,1.482554753108243695e+01
5.155738575314298799e+00,3.064399210181180777e+00,2.428487163739822918e+01
7.476442917834447144e-03,-1.721135773785251288e+00,-1.004753901271629557e+00
4.060946021501653291e+00,-5.424751709057790805e+00,-2.260694238698806302e+01
2.229373447315639467e+00,-9.336560099547526193e+00,-2.749991308757098096e+01
-7.932841524117801413e+00,3.623734970920393650e+00,-3.291853206279917998e+01
-5.485214035175706826e+00,3.698293108397336937e-01,-6.978687257421193557e+00
-7.652575231524281207e-01,5.091434910200176134e+00,5.929575308704854164e-01
-3.186774727344301894e+00,-9.189872695973399175e+00,1.782232778694343622e+01
8.998667897774957680e+00,3.054358888625593238e+00,3.997837775352311951e+01
8.507259108077512622e+00,-1.056038358525981380e+00,-1.365970857030273766e+00
-9.777300611266086960e+00,9.152826894353761844e+00,-8.982934847545838863e+01
5.723595648465389374e+00,1.525285402932555101e+00,1.630218391302868142e+01
-5.410126495750886555e+00,8.542016602868717001e+00,-4.239457341471705831e+01
-8.771727392517776778e+00,4.485460939964402982e+00,-4.359982723257932946e+01
-9.084824033927290543e+00,8.290650923808861705e+00,-7.589153755339621910e+01
5.194090359000806956e-01,-4.189763250827089891e+00,-4.921696412796345399e+00
-3.123687934143322131e+00,5.994902698234650273e+00,-1.504008292848469175e+01
-8.669690234681539209e+00,9.919925030790572862e+00,-8.472530442198957701e+01
-1.886737458921238897e+00,8.522709877160053793e+00,-9.123196501791708712e+00
9.700601055949146456e+00,-5.964654791269197176e-02,9.637585182099854819e+00
-3.152412545569369229e+00,3.058938738232171772e+00,-9.721282335376763228e+00
6.999797298765830789e+00,-7.590292763641026674e+00,-5.347424416434589745e+01
3.235716282033898494e+00,7.002778635097811843e+00,3.368991984057409894e+01
7.010510698981363475e+00,1.907289498775604386e+00,2.296574785293519128e+01
1.757857693690407785e+00,-5.256834437722435638e+00,-1.227649130544224931e+01
-5.585264575222215200e-01,-7.540953303163671073e+00,-3.029344218925057675e+00
-2.251043006797281976e-01,-7.926867304856493490e+00,-6.200513155862314107e+00
6.523780623264570977e+00,5.758946649542151519e+00,5.001801922682738422e+01
8.732257665642599420e+00,7.911648956674550703e+00,8.657791035563026583e+01
-8.064245641709584689e+00,1.978379919863071379e+00,-2.149326673519645325e+01
1.651359785043231554e+00,4.301819227991368066e+00,1.350925498219176824e+01
7.408393312768637884e+00,6.197694700292192493e+00,5.988516467122314424e+01
2.185371575567657487e+00,7.906675489697121861e+00,2.828923898921889446e+01
-9.707654215588066293e+00,-7.858346055272886765e+00,5.890506617989985472e+01
6.222030747189354116e+00,4.306272651095428117e+00,3.782932437434631368e+01
-2.440375303412700703e-01,3.302974931512931533e+00,2.809822913319099946e+00
8.298195816228638222e+00,-6.279088666364480709e+00,-4.946640934596504025e+01
1.598371444176347467e+00,-7.469145962831738039e+00,-1.731947788875493188e+01
-8.463924533010056095e+00,-8.479166168194076647e-01,-1.729714845732550188e+00
-4.981470127133187376e+00,4.488916932115795788e+00,-2.229110550006356917e+01
5.007917705524846497e+00,-2.602351989468592031e+00,-1.005298666661842510e+01
3.039712505225661943e+00,-9.061127398825348678e+00,-3.301646618335985295e+01
6.077136927485828011e+00,-9.090527991342622016e+00,-5.751541995335581703e+01
2.263896571109299316e+00,3.357198906406715366e-01,4.297131846758153628e+00
1.692645281736238516e+00,-6.612923075588110322e+00,-1.527605848240009756e+01
-2.233146516314887364e+00,-3.031796976441912150e+00,2.379320699010920581e+00
-7.986159674671455377e+00,-7.847904049358758627e+00,4.767212366869659945e+01
-7.615969355207838909e+00,5.104698354638959046e+00,-4.063688950809221723e+01
2.738466500065943166e+00,8.890432524596825203e-02,3.293427975894293702e+00
6.026990496168004086e+00,-7.623468663390527311e+00,-4.744347061068911842e+01
8.996875276479514127e+00,-8.101384480136211153e-01,1.062141849037084862e+00
-3.822221169231294624e+00,-9.429449670919760607e+00,2.335206171407291365e+01
-4.643359204291115816e+00,6.975426492065274431e+00,-2.975627443530352778e+01
-2.193236971947838398e+00,-3.859300543218249224e+00,2.674259487535430413e+00
3.661489631774353271e+00,5.061539753766497896e+00,2.731000584142216070e+01
7.239334431353636745e+00,2.398097151473503885e+00,2.763319405344024204e+01
-2.881539151216254702e+00,-6.714719881817772240e+00,1.012642851847608583e+01
-5.708288848084530187e+00,2.921609257720351849e+00,-1.871786443231603769e+01
8.487826510698628368e+00,1.123962171121355880e+00,2.005549959094522805e+01
-7.030183568428089558e+00,6.749360741570953337e-03,-6.841479982647981295e+00
-3.879843489441725524e+00,8.890258874106379494e+00,-2.942474864568454507e+01
8.293735465259732820e-01,-1.738600521799668286e+00,-1.614325867754137889e+00
-2.621883502684310585e+00,-8.846496927165560464e+00,1.204409978873668052e+01
4.117393258565762437e-01,-6.391786437837154722e+00,-8.177977488209542400e+00
9.275830798237187480e+00,5.691690358892776302e+00,6.789645202236550858e+01
-4.889277190482168578e+00,-7.695455915148468051e-01,-1.200335410395631186e+00
7.576754615845153751e-01,-7.547132425384548426e+00,-1.195436256674564568e+01
5.378775334938145747e+00,-8.841567416468601337e+00,-5.053350411964547817e+01
-7.117931766189833809e+00,-4.541533043999066876e+00,2.069348883634359382e+01
-1.446065662141396757e+00,-8.400242045904510846e+00,2.542910703048282706e+00
-1.393641744934839721e+00,7.396506710794849226e+00,-4.017144634795307923e+00
-5.212726420162125507e+00,-7.967537526362877820e+00,2.839662902397344979e+01
9.728418954206247804e+00,-1.776215736263697664e+00,-9.204277419270486149e+00
-1.212300426841039780e+00,-6.425239568017200753e+00,1.089056425707465525e+00
8.071980706816177076e+00,-4.222768647250458862e+00,-2.952234390062585945e+01
-6.730129653565222192e+00,-2.483588441690964821e+00,7.616911567930374716e+00
-8.161233476135343778e+00,-4.263684059845345153e+00,2.251833840334347769e+01
2.728134270866355848e-01,-1.781847470001876488e+00,-1.911532909510031963e+00
-2.058214449999081097e+00,4.509034781177037488e+00,-6.539106346670547687e+00
-6.326363280849438553e+00,3.425348887572374323e+00,-2.400772530181589914e+01
3.886291565338238385e+00,7.278674725151390135e+00,3.984915311012650818e+01
-6.127524072499848096e+00,-2.324569013208426682e+00,6.402983742200399675e+00
-7.641617434026164446e+00,3.468187557997431725e+00,-2.990350279382274223e+01
2.913474893490775486e+00,-2.737321056050607382e+00,-6.807004860967563076e+00
1.438222467131991422e+00,-1.715229441186638226e+00,-1.946786443731431504e+00
-1.522805522491953667e+00,9.881704831995723026e+00,-6.643687319520166668e+00
6.639568222066060343e+00,-6.338233887955699863e+00,-4.090139342664944877e+01
-5.792416104222260387e+00,-3.023782304713393820e+00,9.329764821295240651e+00
1.018319713434367557e+00,3.840673490282092928e+00,9.765973038729944378e+00
7.380809188297380530e+00,7.332149041539217649e+00,6.979646514627427223e+01
-4.146313513067976686e+00,7.979934247057652641e+00,-2.874395984265583692e+01
-4.185311672712314746e+00,7.542513118364123414e+00,-2.801104342074738796e+01
1.876734386320615400e+00,-3.662707600994357549e+00,-8.109126460001316872e+00
-8.782419175403585854e+00,9.017741438924634423e+00,-7.825671009335989936e+01
-2.536263197439252437e+00,-9.975499292244558447e+00,1.314197049102167192e+01
6.998416661753051216e+00,2.775597859734100226e+00,2.970082625215255590e+01
1.257602485630096467e+00,-6.116626340660924477e+00,-1.197313550915676927e+01
-4.616536082005229247e+00,-7.355962634106070652e+00,2.202397395243831824e+01
-8.366564946018080207e+00,-9.975517388480826142e+00,6.519824366756748191e+01
-7.303351869100518812e+00,4.178416811960756760e+00,-3.279837348977217459e+01
9.414543353966806194e+00,9.038028807200060299e-01,1.982205855852850718e+01
8.346209000266838984e+00,7.250879848907089809e+00,7.689833782282218522e+01
-6.460769876040366455e+00,6.813315282134851714e+00,-4.302824450562522429e+01
-2.545432336692183384e+00,-4.099494656224839773e+00,3.944187897016632860e+00
-2.713677450488578557e-01,6.178184026078632485e-01,1.093451139681424156e+00
-8.878279655876637477e+00,4.596029385858489746e+00,-4.421863054469291399e+01
9.176859049126321111e+00,-1.334671705052850044e+00,-3.504779153766689692e+00
-7.218036786164550023e-01,-9.967834962957509148e+00,-3.090242707291572355e+00
5.686132080407746869e+00,-7.945678143818330597e+00,-4.683053305713276870e+01
9.117265865729748953e+00,2.511787734164496300e+00,3.525241270643124381e+01
-2.108721280746816973e+00,8.213575628746141888e+00,-1.050526347756079382e+01
